Species,SiteName,HabitatReach,M,C,R,N,SE,95% LCI,95% UCI,probCap,probCap_SE
Bull Trout,Amonson_SC1_2019,32,1,0,0,NA,NA,NA,NA,NA,NA
Bull Trout,Arbon_2019,1,2,1,0,NA,NA,NA,NA,NA,NA
Bull Trout,Arbon_2019,2,1,2,1,2,0,1,9,0.5,0
Bull Trout,Barton_2019,2,2,0,0,NA,NA,NA,NA,NA,NA
Bull Trout,Barton_2019,3,1,0,0,NA,NA,NA,NA,NA,NA
Bull Trout,BigTimber2_2019,6,1,0,0,NA,NA,NA,NA,NA,NA
Bull Trout,BigTimber2_2019,8,1,1,1,1,0,1,5,1,0
Bull Trout,BigTimber2_2019,LEM-001487,2,2,1,4,0.9,2,13,0.5,0.1125
Bull Trout,BigTimber3b_2019,1,3,0,0,NA,NA,NA,NA,NA,NA
Bull Trout,BigTimber3b_2019,2,2,5,1,8,2.4,3,30,0.25,0.075
Bull Trout,BigTimber3b_2019,3,1,1,0,NA,NA,NA,NA,NA,NA
Bull Trout,BigTimber3b_2019,4,2,1,0,NA,NA,NA,NA,NA,NA
Bull Trout,BigTimber3b_2019,5,1,1,0,NA,NA,NA,NA,NA,NA
Bull Trout,BigTimber3b_2019,6,2,3,0,NA,NA,NA,NA,NA,NA
Bull Trout,BigTimber3b_2019,7,1,1,0,NA,NA,NA,NA,NA,NA
Bull Trout,BigTimber3b_2019,10,1,1,0,NA,NA,NA,NA,NA,NA
Bull Trout,BigTimber3b_2019,11,3,2,1,5,1.4,3,18,0.6,0.168
Bull Trout,BigTimber3b_2019,12,1,2,1,2,0,1,9,0.5,0
Bull Trout,BigTimber3b_2019,13,6,3,1,13,4.8,7,46,0.461538462,0.170414201
Bull Trout,BigTimber3b_2019,14,1,3,0,NA,NA,NA,NA,NA,NA
Bull Trout,BigTimber3b_2019,15,2,4,2,4,0,2,12,0.5,0
Bull Trout,BigTimber3b_2019,16,2,1,0,NA,NA,NA,NA,NA,NA
Bull Trout,BigTimber3b_2019,LEM-080335,3,4,0,NA,NA,NA,NA,NA,NA
Bull Trout,Bohannon2_2019,3,1,0,0,NA,NA,NA,NA,NA,NA
Bull Trout,Canyon_2019,3,1,0,0,NA,NA,NA,NA,NA,NA
Bull Trout,Canyon_2019,5,3,0,0,NA,NA,NA,NA,NA,NA
Bull Trout,Hawley1_2019,8,1,0,0,NA,NA,NA,NA,NA,NA
Bull Trout,Hawley2_2019,25,2,2,0,NA,NA,NA,NA,NA,NA
Bull Trout,Hawley3_2019,33,2,1,1,2,0,2,8,1,0
Bull Trout,Hawley3_2019,38,1,3,0,NA,NA,NA,NA,NA,NA
Bull Trout,Hawley3_2019,39,1,0,0,NA,NA,NA,NA,NA,NA
Bull Trout,Hawley4_2019,41,1,0,0,NA,NA,NA,NA,NA,NA
Bull Trout,Hawley5_2019,48,1,1,1,1,0,1,5,1,0
Bull Trout,Hawley6_2019,56,1,1,0,NA,NA,NA,NA,NA,NA
Bull Trout,Hawley7_2019,58,1,1,1,1,0,1,5,1,0
Bull Trout,Hawley7_2019,60,1,0,0,NA,NA,NA,NA,NA,NA
Bull Trout,Hawley8_2019,71,1,0,0,NA,NA,NA,NA,NA,NA
Bull Trout,Hawley9_2019,65,1,1,0,NA,NA,NA,NA,NA,NA
Bull Trout,Hawley9_2019,66,1,1,0,NA,NA,NA,NA,NA,NA
Bull Trout,Hawley9_2019,67,3,3,0,NA,NA,NA,NA,NA,NA
Bull Trout,Hawley9_2019,68,2,0,0,NA,NA,NA,NA,NA,NA
Bull Trout,Hayden1_2019,1,1,2,0,NA,NA,NA,NA,NA,NA
Bull Trout,Hayden1_2019,2,2,4,0,NA,NA,NA,NA,NA,NA
Bull Trout,Hayden1_2019,3,3,1,1,3,0,3,11,1,0
Bull Trout,Hayden1_2019,4,1,0,0,NA,NA,NA,NA,NA,NA
Bull Trout,Hayden1_2019,5,3,3,1,7,2.3,4,26,0.428571429,0.140816327
Bull Trout,Hayden1_2019,6,2,2,0,NA,NA,NA,NA,NA,NA
Bull Trout,Hayden1_2019,8,8,4,2,14,3.9,9,38,0.571428571,0.159183673
Bull Trout,Hayden1_2019,9,2,4,1,6,1.9,3,25,0.333333333,0.105555556
Bull Trout,Hayden1_2019,12,2,0,0,NA,NA,NA,NA,NA,NA
Bull Trout,Hayden1_2019,13,2,1,0,NA,NA,NA,NA,NA,NA
Bull Trout,Hayden1_2019,14,7,4,1,19,7.7,9,67,0.368421053,0.149307479
Bull Trout,Hayden2_2019,1,3,1,0,NA,NA,NA,NA,NA,NA
Bull Trout,Hayden2_2019,2,2,2,0,NA,NA,NA,NA,NA,NA
Bull Trout,Hayden2_2019,3,1,7,1,7,0,2,27,0.142857143,0
Bull Trout,Hayden2_2019,4,1,1,0,NA,NA,NA,NA,NA,NA
Bull Trout,Hayden2_2019,5,3,4,0,NA,NA,NA,NA,NA,NA
Bull Trout,Hayden2_2019,6,1,2,0,NA,NA,NA,NA,NA,NA
Bull Trout,Hayden2_2019,7,8,3,2,11,2.4,8,29,0.727272727,0.158677686
Bull Trout,Hayden2_2019,8,6,4,0,NA,NA,NA,NA,NA,NA
Bull Trout,Hayden2_2019,9,1,2,0,NA,NA,NA,NA,NA,NA
Bull Trout,Hayden2_2019,10,9,4,1,24,10,12,84,0.375,0.15625
Bull Trout,Hayden2_2019,11,6,7,2,18,5.6,9,50,0.333333333,0.103703704
Bull Trout,Hayden2_2019,12,9,4,1,24,10,12,84,0.375,0.15625
Bull Trout,Hayden2_2019,13,10,4,2,17,4.9,11,47,0.588235294,0.169550173
Bull Trout,Hayden2_2019,14,9,6,2,22,7.4,12,62,0.409090909,0.137603306
Bull Trout,Hayden3a_2019,1,1,2,0,NA,NA,NA,NA,NA,NA
Bull Trout,Hayden3a_2019,2,2,3,0,NA,NA,NA,NA,NA,NA
Bull Trout,Hayden3a_2019,3,2,4,0,NA,NA,NA,NA,NA,NA
Bull Trout,Hayden3a_2019,4,9,9,3,24,6.7,14,58,0.375,0.1046875
Bull Trout,Hayden3a_2019,5,10,3,0,NA,NA,NA,NA,NA,NA
Bull Trout,Hayden3a_2019,7,6,4,0,NA,NA,NA,NA,NA,NA
Bull Trout,Hayden3a_2019,8,8,4,0,NA,NA,NA,NA,NA,NA
Bull Trout,Hayden3a_2019,9,3,2,1,5,1.4,3,18,0.6,0.168
Bull Trout,Hayden3a_2019,10,2,0,0,NA,NA,NA,NA,NA,NA
Bull Trout,Hayden3a_2019,11,10,5,0,NA,NA,NA,NA,NA,NA
Bull Trout,Hayden4_2019,1,13,5,2,27,8.8,16,74,0.481481481,0.156927298
Bull Trout,Hayden4_2019,2,10,5,0,NA,NA,NA,NA,NA,NA
Bull Trout,Hayden4_2019,3,19,10,1,109,54.5,32,214,0.174311927,0.087155963
Bull Trout,Hayden4_2019,4,19,7,1,79,37.9,33,279,0.240506329,0.11538215
Bull Trout,Hayden4_2019,5,15,11,2,63,25,29,179,0.238095238,0.094482237
Bull Trout,Hayden4_2019,6,12,2,2,12,0,12,29,1,0
Bull Trout,Hayden4_2019,7,20,3,0,NA,NA,NA,NA,NA,NA
Bull Trout,Hayden4_2019,8,9,8,0,NA,NA,NA,NA,NA,NA
Bull Trout,Kenney1_2019,5,1,0,0,NA,NA,NA,NA,NA,NA
Bull Trout,Kenney2_2019,1,2,1,1,2,0,2,8,1,0
Bull Trout,Kenney2_2019,4,1,0,0,NA,NA,NA,NA,NA,NA
Bull Trout,Kenney2_2019,6,2,0,0,NA,NA,NA,NA,NA,NA
Bull Trout,Kenney2_2019,7,6,3,2,8,1.8,6,22,0.75,0.16875
Bull Trout,Kenney2_2019,8,2,2,0,NA,NA,NA,NA,NA,NA
Bull Trout,Kenney2_2019,10,1,3,0,NA,NA,NA,NA,NA,NA
Bull Trout,Kenney2_2019,11,1,3,1,3,0,1,12,0.333333333,0
Bull Trout,Kenney2_2019,12,1,1,0,NA,NA,NA,NA,NA,NA
Bull Trout,Kenney2_2019,13,10,6,1,38,17,16,133,0.263157895,0.117728532
Bull Trout,Kenney2_2019,LEM-121695,1,0,0,NA,NA,NA,NA,NA,NA
Bull Trout,Kenney2_2019,LEM-449375,1,1,0,NA,NA,NA,NA,NA,NA
Bull Trout,LowerLemhi1a_2019,1,3,1,0,NA,NA,NA,NA,NA,NA
Bull Trout,LowerLemhi1a_2019,2,2,0,0,NA,NA,NA,NA,NA,NA
Bull Trout,LowerLemhi1a_2019,3,2,3,0,NA,NA,NA,NA,NA,NA
Bull Trout,LowerLemhi1a_2019,4,1,2,0,NA,NA,NA,NA,NA,NA
Bull Trout,LowerLemhi1a_2019,5,1,2,1,2,0,1,9,0.5,0
Bull Trout,LowerLemhi1a_2019,8,2,0,0,NA,NA,NA,NA,NA,NA
Bull Trout,LowerLemhi1a_2019,10,1,2,1,2,0,1,9,0.5,0
Bull Trout,LowerLemhi1a_2019,11,1,0,0,NA,NA,NA,NA,NA,NA
Bull Trout,LowerLemhi1a_2019,12,1,1,0,NA,NA,NA,NA,NA,NA
Bull Trout,LowerLemhi1a_2019,14,2,1,0,NA,NA,NA,NA,NA,NA
Bull Trout,LowerLemhi1a_2019,18,3,2,0,NA,NA,NA,NA,NA,NA
Bull Trout,LowerLemhi2_2019,1,1,0,0,NA,NA,NA,NA,NA,NA
Bull Trout,LowerLemhi2_2019,12,2,1,0,NA,NA,NA,NA,NA,NA
Bull Trout,LowerLemhi2_2019,18,1,1,1,1,0,1,5,1,0
Bull Trout,LowerLemhi2_2019,20,2,0,0,NA,NA,NA,NA,NA,NA
Bull Trout,LowerLemhi2_2019,23,1,1,1,1,0,1,5,1,0
Bull Trout,LowerLemhi2_2019,27,1,2,0,NA,NA,NA,NA,NA,NA
Bull Trout,LowerLemhi2_2019,31,1,0,0,NA,NA,NA,NA,NA,NA
Bull Trout,LowerLemhi2_2019,33,1,0,0,NA,NA,NA,NA,NA,NA
Bull Trout,LowerLemhi2_2019,37,1,0,0,NA,NA,NA,NA,NA,NA
Bull Trout,LowerLemhi3_2019,4,1,0,0,NA,NA,NA,NA,NA,NA
Bull Trout,LowerLemhi3_2019,15,1,0,0,NA,NA,NA,NA,NA,NA
Bull Trout,Murphy_2019,1,1,2,0,NA,NA,NA,NA,NA,NA
Bull Trout,Murphy_2019,2,1,2,0,NA,NA,NA,NA,NA,NA
Bull Trout,Murphy_2019,4,1,0,0,NA,NA,NA,NA,NA,NA
Bull Trout,Thomas_2019,1,1,1,0,NA,NA,NA,NA,NA,NA
Bull Trout,Thomas_2019,2,1,1,1,1,0,1,5,1,0
Bull Trout,UpperLemhi1_2019,21,1,0,0,NA,NA,NA,NA,NA,NA
Bull Trout,UpperLemhi2_2019,7,1,0,0,NA,NA,NA,NA,NA,NA
Bull Trout,UpperLemhi2_2019,15,1,1,0,NA,NA,NA,NA,NA,NA
Bull Trout,UpperLemhi3_2019,11,1,0,0,NA,NA,NA,NA,NA,NA
Bull Trout,UpperLemhi3_2019,17,1,0,0,NA,NA,NA,NA,NA,NA
Chinook,Amonson_SC1_2019,32,1,2,0,NA,NA,NA,NA,NA,NA
Chinook,Amonson_SC2_2019,33,1,15,0,NA,NA,NA,NA,NA,NA
Chinook,Arbon_2019,1,19,11,3,59,19.6,32,144,0.322033898,0.106980753
Chinook,Arbon_2019,2,8,5,1,26,11.2,12,92,0.307692308,0.132544379
Chinook,Barton_2019,1,8,12,0,NA,NA,NA,NA,NA,NA
Chinook,Barton_2019,2,2,2,0,NA,NA,NA,NA,NA,NA
Chinook,Barton_2019,3,7,5,1,23,9.8,10,82,0.304347826,0.129678639
Chinook,BigSprings1_2019,2,1,3,0,NA,NA,NA,NA,NA,NA
Chinook,BigSprings1_2019,3,1,3,0,NA,NA,NA,NA,NA,NA
Chinook,BigSprings2_2019,7,12,3,0,NA,NA,NA,NA,NA,NA
Chinook,BigSprings2_2019,10,1,2,0,NA,NA,NA,NA,NA,NA
Chinook,BigSprings2_2019,11,1,1,0,NA,NA,NA,NA,NA,NA
Chinook,BigSprings3_2019,13,1,1,0,NA,NA,NA,NA,NA,NA
Chinook,BigSprings3_2019,26,1,0,0,NA,NA,NA,NA,NA,NA
Chinook,BigSprings4_2019,30,14,7,1,59,27.9,24,209,0.237288136,0.112209135
Chinook,BigSprings4_2019,31,21,6,1,76,35.8,33,267,0.276315789,0.13015928
Chinook,BigSprings4_2019,32,8,2,0,NA,NA,NA,NA,NA,NA
Chinook,BigSprings4_2019,34,2,0,0,NA,NA,NA,NA,NA,NA
Chinook,BigSprings4_2019,35,7,0,0,NA,NA,NA,NA,NA,NA
Chinook,BigTimber1_2019,1,1,4,0,NA,NA,NA,NA,NA,NA
Chinook,BigTimber1_2019,3,4,7,1,19,7.7,7,69,0.210526316,0.08531856
Chinook,BigTimber1_2019,5,2,0,0,NA,NA,NA,NA,NA,NA
Chinook,BigTimber1_2019,7,1,3,0,NA,NA,NA,NA,NA,NA
Chinook,BigTimber1_2019,9,2,2,0,NA,NA,NA,NA,NA,NA
Chinook,BigTimber2_2019,1,4,1,1,4,0,4,14,1,0
Chinook,BigTimber2_2019,4,3,1,0,NA,NA,NA,NA,NA,NA
Chinook,BigTimber2_2019,8,1,0,0,NA,NA,NA,NA,NA,NA
Chinook,BigTimber2_2019,9,1,2,0,NA,NA,NA,NA,NA,NA
Chinook,Canyon_2019,1,4,2,1,6,1.9,4,23,0.666666667,0.211111111
Chinook,Canyon_2019,2,3,3,1,7,2.3,4,26,0.428571429,0.140816327
Chinook,Canyon_2019,3,1,0,0,NA,NA,NA,NA,NA,NA
Chinook,Canyon_2019,4,4,3,1,9,3.2,5,32,0.444444444,0.158024691
Chinook,Canyon_2019,6,2,3,0,NA,NA,NA,NA,NA,NA
Chinook,Canyon_2019,7,3,1,0,NA,NA,NA,NA,NA,NA
Chinook,Hayden1_2019,1,13,24,1,174,89.7,52,340,0.074712644,0.038515656
Chinook,Hayden1_2019,2,5,10,0,NA,NA,NA,NA,NA,NA
Chinook,Hayden1_2019,3,12,4,1,32,13.4,16,110,0.375,0.15703125
Chinook,Hayden1_2019,4,22,10,2,83,33.5,40,235,0.265060241,0.106982145
Chinook,Hayden1_2019,5,9,6,0,NA,NA,NA,NA,NA,NA
Chinook,Hayden1_2019,6,9,8,1,44,20.5,17,157,0.204545455,0.095299587
Chinook,Hayden1_2019,8,16,4,0,NA,NA,NA,NA,NA,NA
Chinook,Hayden1_2019,9,13,3,0,NA,NA,NA,NA,NA,NA
Chinook,Hayden1_2019,10,7,2,0,NA,NA,NA,NA,NA,NA
Chinook,Hayden1_2019,11,21,10,0,NA,NA,NA,NA,NA,NA
Chinook,Hayden1_2019,12,3,1,0,NA,NA,NA,NA,NA,NA
Chinook,Hayden1_2019,13,32,23,4,157,53,81,356,0.203821656,0.068806037
Chinook,Hayden1_2019,14,16,3,1,33,13,19,112,0.484848485,0.191000918
Chinook,Hayden2_2019,2,1,2,1,2,0,1,9,0.5,0
Chinook,Hayden2_2019,3,2,8,0,NA,NA,NA,NA,NA,NA
Chinook,Hayden2_2019,4,1,1,0,NA,NA,NA,NA,NA,NA
Chinook,Hayden2_2019,5,1,4,0,NA,NA,NA,NA,NA,NA
Chinook,Hayden2_2019,6,1,0,0,NA,NA,NA,NA,NA,NA
Chinook,Hayden2_2019,7,5,4,1,14,5.5,7,50,0.357142857,0.140306122
Chinook,Hayden2_2019,8,5,3,1,11,4,6,39,0.454545455,0.165289256
Chinook,Hayden2_2019,9,2,0,0,NA,NA,NA,NA,NA,NA
Chinook,Hayden2_2019,10,16,8,2,50,18.9,25,140,0.32,0.12096
Chinook,Hayden2_2019,11,12,5,1,38,16.9,18,133,0.315789474,0.140443213
Chinook,Hayden2_2019,12,12,8,0,NA,NA,NA,NA,NA,NA
Chinook,Hayden2_2019,13,5,0,0,NA,NA,NA,NA,NA,NA
Chinook,Hayden2_2019,14,5,10,0,NA,NA,NA,NA,NA,NA
Chinook,Hayden3a_2019,5,1,0,0,NA,NA,NA,NA,NA,NA
Chinook,Hayden3a_2019,6,2,1,0,NA,NA,NA,NA,NA,NA
Chinook,Hayden3a_2019,7,2,0,0,NA,NA,NA,NA,NA,NA
Chinook,Hayden3a_2019,8,1,0,0,NA,NA,NA,NA,NA,NA
Chinook,Hayden3a_2019,10,2,0,0,NA,NA,NA,NA,NA,NA
Chinook,Hayden3a_2019,11,5,0,0,NA,NA,NA,NA,NA,NA
Chinook,Hayden4_2019,1,17,8,6,22,3,18,39,0.772727273,0.105371901
Chinook,Hayden4_2019,2,6,6,1,24,10.1,10,84,0.25,0.105208333
Chinook,Hayden4_2019,3,18,11,1,113,56.8,34,221,0.159292035,0.080068917
Chinook,Hayden4_2019,4,8,3,0,NA,NA,NA,NA,NA,NA
Chinook,Hayden4_2019,5,2,0,0,NA,NA,NA,NA,NA,NA
Chinook,Hayden4_2019,6,3,1,0,NA,NA,NA,NA,NA,NA
Chinook,Hayden4_2019,7,4,1,0,NA,NA,NA,NA,NA,NA
Chinook,LittleSprings1_2019,1,2,1,1,2,0,2,8,1,0
Chinook,LittleSprings1_2019,2,1,1,1,1,0,1,5,1,0
Chinook,LittleSprings1_2019,10,1,1,0,NA,NA,NA,NA,NA,NA
Chinook,LittleSprings1_2019,15,1,1,0,NA,NA,NA,NA,NA,NA
Chinook,LowerLemhi1a_2019,1,11,11,0,NA,NA,NA,NA,NA,NA
Chinook,LowerLemhi1a_2019,2,23,8,0,NA,NA,NA,NA,NA,NA
Chinook,LowerLemhi1a_2019,3,14,3,1,29,11.4,17,99,0.482758621,0.189774078
Chinook,LowerLemhi1a_2019,4,9,9,0,NA,NA,NA,NA,NA,NA
Chinook,LowerLemhi1a_2019,5,6,7,1,27,11.8,11,97,0.222222222,0.097119342
Chinook,LowerLemhi1a_2019,6,3,3,0,NA,NA,NA,NA,NA,NA
Chinook,LowerLemhi1a_2019,7,2,14,0,NA,NA,NA,NA,NA,NA
Chinook,LowerLemhi1a_2019,8,70,0,0,NA,NA,NA,NA,NA,NA
Chinook,LowerLemhi1a_2019,9,10,19,1,109,54.5,32,214,0.091743119,0.04587156
Chinook,LowerLemhi1a_2019,10,5,22,1,68,31.1,20,134,0.073529412,0.033628893
Chinook,LowerLemhi1a_2019,11,4,10,0,NA,NA,NA,NA,NA,NA
Chinook,LowerLemhi1a_2019,12,6,22,1,80,37.5,23,156,0.075,0.03515625
Chinook,LowerLemhi1a_2019,13,3,4,1,9,3.2,4,33,0.333333333,0.118518519
Chinook,LowerLemhi1a_2019,18,5,5,0,NA,NA,NA,NA,NA,NA
Chinook,LowerLemhi2_2019,4,2,1,0,NA,NA,NA,NA,NA,NA
Chinook,LowerLemhi2_2019,11,2,0,0,NA,NA,NA,NA,NA,NA
Chinook,LowerLemhi2_2019,12,13,8,0,NA,NA,NA,NA,NA,NA
Chinook,LowerLemhi2_2019,16,2,0,0,NA,NA,NA,NA,NA,NA
Chinook,LowerLemhi2_2019,17,6,0,0,NA,NA,NA,NA,NA,NA
Chinook,LowerLemhi2_2019,18,1,3,0,NA,NA,NA,NA,NA,NA
Chinook,LowerLemhi2_2019,19,1,0,0,NA,NA,NA,NA,NA,NA
Chinook,LowerLemhi2_2019,20,1,1,0,NA,NA,NA,NA,NA,NA
Chinook,LowerLemhi2_2019,21,1,3,0,NA,NA,NA,NA,NA,NA
Chinook,LowerLemhi2_2019,22,2,2,0,NA,NA,NA,NA,NA,NA
Chinook,LowerLemhi2_2019,26,2,0,0,NA,NA,NA,NA,NA,NA
Chinook,LowerLemhi2_2019,27,4,1,0,NA,NA,NA,NA,NA,NA
Chinook,LowerLemhi2_2019,33,1,0,0,NA,NA,NA,NA,NA,NA
Chinook,LowerLemhi2_2019,39,3,1,0,NA,NA,NA,NA,NA,NA
Chinook,LowerLemhi3_2019,1,1,0,0,NA,NA,NA,NA,NA,NA
Chinook,LowerLemhi3_2019,6,1,0,0,NA,NA,NA,NA,NA,NA
Chinook,LowerLemhi3_2019,8,1,0,0,NA,NA,NA,NA,NA,NA
Chinook,Miller_2019,1,2,3,0,NA,NA,NA,NA,NA,NA
Chinook,Miller_2019,2,3,4,0,NA,NA,NA,NA,NA,NA
Chinook,Miller_2019,3,11,11,0,NA,NA,NA,NA,NA,NA
Chinook,Miller_2019,4,10,7,0,NA,NA,NA,NA,NA,NA
Chinook,Miller_2019,5,6,5,0,NA,NA,NA,NA,NA,NA
Chinook,Murphy_2019,1,21,44,1,494,266.4,150,965,0.042510121,0.022924487
Chinook,Murphy_2019,2,24,30,0,NA,NA,NA,NA,NA,NA
Chinook,Murphy_2019,3,22,16,1,194,101.3,58,380,0.113402062,0.059214582
Chinook,Murphy_2019,4,33,19,4,135,44.4,72,303,0.244444444,0.080395062
Chinook,Thomas_2019,1,20,3,1,41,16.3,24,139,0.487804878,0.193932183
Chinook,Thomas_2019,2,17,10,1,98,48.7,29,192,0.173469388,0.086203665
Chinook,THOR_SC_2019,34,7,3,0,NA,NA,NA,NA,NA,NA
Chinook,THOR_SC_2019,35,3,1,0,NA,NA,NA,NA,NA,NA
Chinook,THOR_SC_2019,36,1,0,0,NA,NA,NA,NA,NA,NA
Chinook,THOR_SC_2019,37,1,2,0,NA,NA,NA,NA,NA,NA
Chinook,THOR_SC_2019,38,1,0,0,NA,NA,NA,NA,NA,NA
Chinook,THOR_SC_2019,39,3,1,0,NA,NA,NA,NA,NA,NA
Chinook,THOR_SC_2019,40,2,3,0,NA,NA,NA,NA,NA,NA
Chinook,THOR_SC_2019,41,1,8,0,NA,NA,NA,NA,NA,NA
Chinook,THOR_SC_2019,42,5,0,0,NA,NA,NA,NA,NA,NA
Chinook,UpperLemhi1_2019,1,2,2,0,NA,NA,NA,NA,NA,NA
Chinook,UpperLemhi1_2019,2,3,1,0,NA,NA,NA,NA,NA,NA
Chinook,UpperLemhi1_2019,3,2,0,0,NA,NA,NA,NA,NA,NA
Chinook,UpperLemhi1_2019,4,2,1,0,NA,NA,NA,NA,NA,NA
Chinook,UpperLemhi1_2019,5,1,1,0,NA,NA,NA,NA,NA,NA
Chinook,UpperLemhi1_2019,6,7,2,0,NA,NA,NA,NA,NA,NA
Chinook,UpperLemhi1_2019,7,1,4,0,NA,NA,NA,NA,NA,NA
Chinook,UpperLemhi1_2019,9,1,1,0,NA,NA,NA,NA,NA,NA
Chinook,UpperLemhi1_2019,10,6,9,1,34,15.3,13,122,0.176470588,0.079411765
Chinook,UpperLemhi1_2019,11,1,4,0,NA,NA,NA,NA,NA,NA
Chinook,UpperLemhi1_2019,12,1,1,0,NA,NA,NA,NA,NA,NA
Chinook,UpperLemhi1_2019,13,1,2,0,NA,NA,NA,NA,NA,NA
Chinook,UpperLemhi1_2019,14,6,1,0,NA,NA,NA,NA,NA,NA
Chinook,UpperLemhi1_2019,15,3,4,0,NA,NA,NA,NA,NA,NA
Chinook,UpperLemhi1_2019,17,1,2,0,NA,NA,NA,NA,NA,NA
Chinook,UpperLemhi1_2019,20,1,1,0,NA,NA,NA,NA,NA,NA
Chinook,UpperLemhi1_2019,22,1,3,0,NA,NA,NA,NA,NA,NA
Chinook,UpperLemhi1_2019,23,4,2,2,4,0,4,10,1,0
Chinook,UpperLemhi1_2019,25,1,7,0,NA,NA,NA,NA,NA,NA
Chinook,UpperLemhi1_2019,26,1,2,0,NA,NA,NA,NA,NA,NA
Chinook,UpperLemhi1_2019,27,2,1,0,NA,NA,NA,NA,NA,NA
Chinook,UpperLemhi2_2019,1,8,1,0,NA,NA,NA,NA,NA,NA
Chinook,UpperLemhi2_2019,2,18,0,0,NA,NA,NA,NA,NA,NA
Chinook,UpperLemhi2_2019,3,5,0,0,NA,NA,NA,NA,NA,NA
Chinook,UpperLemhi2_2019,4,2,0,0,NA,NA,NA,NA,NA,NA
Chinook,UpperLemhi2_2019,7,2,1,0,NA,NA,NA,NA,NA,NA
Chinook,UpperLemhi2_2019,9,1,0,0,NA,NA,NA,NA,NA,NA
Chinook,UpperLemhi2_2019,10,1,0,0,NA,NA,NA,NA,NA,NA
Chinook,UpperLemhi2_2019,12,5,1,0,NA,NA,NA,NA,NA,NA
Chinook,UpperLemhi2_2019,13,8,0,0,NA,NA,NA,NA,NA,NA
Chinook,UpperLemhi2_2019,14,1,0,0,NA,NA,NA,NA,NA,NA
Chinook,UpperLemhi2_2019,15,8,2,0,NA,NA,NA,NA,NA,NA
Chinook,UpperLemhi2_2019,LEM-452047,1,0,0,NA,NA,NA,NA,NA,NA
Chinook,UpperLemhi3_2019,1,17,30,0,NA,NA,NA,NA,NA,NA
Chinook,UpperLemhi3_2019,2,2,11,0,NA,NA,NA,NA,NA,NA
Chinook,UpperLemhi3_2019,3,11,19,1,119,60,36,233,0.092436975,0.046606878
Chinook,UpperLemhi3_2019,4,6,10,0,NA,NA,NA,NA,NA,NA
Chinook,UpperLemhi3_2019,5,9,8,0,NA,NA,NA,NA,NA,NA
Chinook,UpperLemhi3_2019,6,1,11,0,NA,NA,NA,NA,NA,NA
Chinook,UpperLemhi3_2019,7,22,14,1,172,88.6,51,335,0.127906977,0.065886966
Chinook,UpperLemhi3_2019,8,6,13,0,NA,NA,NA,NA,NA,NA
Chinook,UpperLemhi3_2019,9,7,26,0,NA,NA,NA,NA,NA,NA
Chinook,UpperLemhi3_2019,10,7,16,0,NA,NA,NA,NA,NA,NA
Chinook,UpperLemhi3_2019,11,32,27,2,307,138.7,111,743,0.104234528,0.047092277
Chinook,UpperLemhi3_2019,12,24,13,0,NA,NA,NA,NA,NA,NA
Chinook,UpperLemhi3_2019,13,26,26,4,145,48.5,73,329,0.179310345,0.059976219
Chinook,UpperLemhi3_2019,14,16,9,1,84,41.2,32,299,0.19047619,0.093424036
Chinook,UpperLemhi3_2019,15,14,6,0,NA,NA,NA,NA,NA,NA
Chinook,UpperLemhi3_2019,16,1,4,0,NA,NA,NA,NA,NA,NA
Chinook,UpperLemhi3_2019,17,37,38,18,77,8.8,59,111,0.480519481,0.054916512
Chinook,UpperLemhi3_2019,18,29,13,5,69,17.9,44,139,0.420289855,0.109031716
Chinook,UpperLemhi3_2019,19,10,7,0,NA,NA,NA,NA,NA,NA
Chinook,UpperLemhi3_2019,20,8,8,0,NA,NA,NA,NA,NA,NA
Chinook,UpperLemhi3_2019,21,8,7,0,NA,NA,NA,NA,NA,NA
Chinook,UpperLemhi3_2019,22,13,3,0,NA,NA,NA,NA,NA,NA
Chinook,UpperLemhi3_2019,23,37,22,1,436,234.7,132,851,0.084862385,0.045681656
Chinook,UpperLemhi3_2019,25,11,7,2,31,11,16,87,0.35483871,0.12591051
Chinook,UpperLemhi3_2019,26,15,8,1,71,34.3,28,252,0.211267606,0.102063083
Chinook,UpperLemhi3_2019,27,12,3,0,NA,NA,NA,NA,NA,NA
Chinook,UpperLemhi3_2019,28,4,2,0,NA,NA,NA,NA,NA,NA
Chinook,UpperLemhi3_2019,29,11,0,0,NA,NA,NA,NA,NA,NA
Chinook,UpperLemhi3_2019,30,10,3,0,NA,NA,NA,NA,NA,NA
Chinook,UpperLemhi3_2019,31,5,3,0,NA,NA,NA,NA,NA,NA
Steelhead,Amonson_SC1_2019,32,26,11,5,53,12.7,35,105,0.490566038,0.11755073
Steelhead,Amonson_SC2_2019,33,18,16,2,107,44.8,45,306,0.168224299,0.070434099
Steelhead,Arbon_2019,1,67,32,4,448,162.4,219,1021,0.149553571,0.05421317
Steelhead,Arbon_2019,2,45,41,6,275,82,149,552,0.163636364,0.048793388
Steelhead,Barton_2019,1,24,25,2,216,95.6,78,522,0.111111111,0.049176955
Steelhead,Barton_2019,2,24,24,2,207,91.7,75,502,0.115942029,0.051361759
Steelhead,Barton_2019,3,25,18,1,246,129.6,74,481,0.101626016,0.05353956
Steelhead,BigSprings1_2019,1,9,16,4,33,8.2,18,74,0.272727273,0.067768595
Steelhead,BigSprings1_2019,2,2,4,0,NA,NA,NA,NA,NA,NA
Steelhead,BigSprings1_2019,3,10,12,5,23,4.5,15,46,0.434782609,0.085066163
Steelhead,BigSprings1_2019,4,9,9,2,32,11.7,16,92,0.28125,0.102832031
Steelhead,BigSprings1_2019,5,5,20,3,30,7.3,14,77,0.166666667,0.040555556
Steelhead,BigSprings1_2019,6,12,8,2,38,14,19,107,0.315789474,0.11634349
Steelhead,BigSprings1_2019,Big0Springs-6,1,3,1,3,0,1,12,0.333333333,0
Steelhead,BigSprings2_2019,7,27,22,7,80,18.3,50,148,0.3375,0.077203125
Steelhead,BigSprings2_2019,9,20,13,0,NA,NA,NA,NA,NA,NA
Steelhead,BigSprings2_2019,10,28,36,3,267,105.2,109,662,0.104868914,0.041319138
Steelhead,BigSprings2_2019,11,18,10,3,51,16.6,28,124,0.352941176,0.114878893
Steelhead,BigSprings2_2019,Big0Springs-1,11,3,2,15,3.5,12,39,0.733333333,0.171111111
Steelhead,BigSprings3_2019,12,5,13,2,27,8.8,12,78,0.185185185,0.060356653
Steelhead,BigSprings3_2019,13,5,3,1,11,4,6,39,0.454545455,0.165289256
Steelhead,BigSprings3_2019,14,6,11,2,27,9.2,12,78,0.222222222,0.075720165
Steelhead,BigSprings3_2019,15,2,3,0,NA,NA,NA,NA,NA,NA
Steelhead,BigSprings3_2019,16,12,19,5,42,10.1,24,88,0.285714286,0.068707483
Steelhead,BigSprings3_2019,17,7,6,3,13,2.9,9,31,0.538461538,0.120118343
Steelhead,BigSprings3_2019,19,1,0,0,NA,NA,NA,NA,NA,NA
Steelhead,BigSprings3_2019,20,2,3,0,NA,NA,NA,NA,NA,NA
Steelhead,BigSprings3_2019,21,3,5,0,NA,NA,NA,NA,NA,NA
Steelhead,BigSprings3_2019,22,3,4,1,9,3.2,4,33,0.333333333,0.118518519
Steelhead,BigSprings3_2019,23,1,3,0,NA,NA,NA,NA,NA,NA
Steelhead,BigSprings3_2019,24,2,5,0,NA,NA,NA,NA,NA,NA
Steelhead,BigSprings3_2019,25,1,3,0,NA,NA,NA,NA,NA,NA
Steelhead,BigSprings3_2019,26,2,4,1,6,1.9,3,25,0.333333333,0.105555556
Steelhead,BigSprings3_2019,28,1,6,0,NA,NA,NA,NA,NA,NA
Steelhead,BigSprings3_2019,29,6,0,0,NA,NA,NA,NA,NA,NA
Steelhead,BigSprings3_2019,Big0Springs-4,3,8,1,17,6.5,6,62,0.176470588,0.067474048
Steelhead,BigSprings3_2019,Big0Springs-5,8,8,4,15,2.9,10,33,0.533333333,0.103111111
Steelhead,BigSprings4_2019,30,11,6,2,27,9.2,15,75,0.407407407,0.138820302
Steelhead,BigSprings4_2019,31,20,20,7,54,11.4,35,100,0.37037037,0.0781893
Steelhead,BigSprings4_2019,32,19,14,5,49,12.2,30,100,0.387755102,0.096543107
Steelhead,BigSprings4_2019,33,1,2,0,NA,NA,NA,NA,NA,NA
Steelhead,BigSprings4_2019,34,10,12,2,47,17.8,21,133,0.212765957,0.080579448
Steelhead,BigSprings4_2019,35,17,11,4,42,11.4,25,92,0.404761905,0.109863946
Steelhead,BigTimber1_2019,1,9,2,0,NA,NA,NA,NA,NA,NA
Steelhead,BigTimber1_2019,2,1,2,0,NA,NA,NA,NA,NA,NA
Steelhead,BigTimber1_2019,3,8,4,1,22,8.9,11,76,0.363636364,0.147107438
Steelhead,BigTimber1_2019,4,2,2,0,NA,NA,NA,NA,NA,NA
Steelhead,BigTimber1_2019,5,2,0,0,NA,NA,NA,NA,NA,NA
Steelhead,BigTimber1_2019,7,4,4,1,12,4.3,5,42,0.333333333,0.119444444
Steelhead,BigTimber1_2019,8,4,2,1,6,1.9,4,23,0.666666667,0.211111111
Steelhead,BigTimber1_2019,9,1,1,0,NA,NA,NA,NA,NA,NA
Steelhead,BigTimber1_2019,10,1,0,0,NA,NA,NA,NA,NA,NA
Steelhead,BigTimber1_2019,13,2,2,0,NA,NA,NA,NA,NA,NA
Steelhead,BigTimber1_2019,LEM-091599,3,2,0,NA,NA,NA,NA,NA,NA
Steelhead,BigTimber2_2019,1,33,25,13,62,8.5,47,95,0.532258065,0.072970864
Steelhead,BigTimber2_2019,2,56,21,9,124,25.4,86,211,0.451612903,0.092507804
Steelhead,BigTimber2_2019,3,25,24,12,49,6.5,36,77,0.510204082,0.067680133
Steelhead,BigTimber2_2019,4,28,18,12,41,4.7,33,62,0.682926829,0.078286734
Steelhead,BigTimber2_2019,5,26,10,5,48,11.1,33,95,0.541666667,0.125260417
Steelhead,BigTimber2_2019,6,19,11,5,39,8.9,26,78,0.487179487,0.111176857
Steelhead,BigTimber2_2019,7,11,11,4,28,6.9,17,61,0.392857143,0.096811224
Steelhead,BigTimber2_2019,8,26,14,7,50,9.7,35,89,0.52,0.10088
Steelhead,BigTimber2_2019,9,28,11,6,49,9.9,35,90,0.571428571,0.115451895
Steelhead,BigTimber2_2019,LEM-001487,34,23,12,64,9.3,48,99,0.53125,0.077197266
Steelhead,BigTimber3b_2019,1,8,8,0,NA,NA,NA,NA,NA,NA
Steelhead,BigTimber3b_2019,2,8,12,2,38,14,17,109,0.210526316,0.077562327
Steelhead,BigTimber3b_2019,3,11,7,1,47,21.9,19,167,0.234042553,0.109053871
Steelhead,BigTimber3b_2019,4,6,4,0,NA,NA,NA,NA,NA,NA
Steelhead,BigTimber3b_2019,5,10,11,1,65,31.5,19,128,0.153846154,0.074556213
Steelhead,BigTimber3b_2019,6,13,11,1,83,41,25,163,0.156626506,0.07736972
Steelhead,BigTimber3b_2019,7,11,8,4,21,4.5,14,44,0.523809524,0.112244898
Steelhead,BigTimber3b_2019,8,14,8,2,44,16.4,22,123,0.318181818,0.118595041
Steelhead,BigTimber3b_2019,9,11,7,0,NA,NA,NA,NA,NA,NA
Steelhead,BigTimber3b_2019,10,37,17,6,97,24.4,61,186,0.381443299,0.095950686
Steelhead,BigTimber3b_2019,11,11,14,1,89,44.2,26,175,0.123595506,0.061381139
Steelhead,BigTimber3b_2019,13,10,10,0,NA,NA,NA,NA,NA,NA
Steelhead,BigTimber3b_2019,14,11,7,1,47,21.9,19,167,0.234042553,0.109053871
Steelhead,BigTimber3b_2019,15,8,5,0,NA,NA,NA,NA,NA,NA
Steelhead,BigTimber3b_2019,16,12,11,1,77,37.8,23,151,0.155844156,0.076505313
Steelhead,BigTimber3b_2019,LEM-080335,15,12,5,34,7.6,22,68,0.441176471,0.098615917
Steelhead,Bohannon1_2019,1,9,14,0,NA,NA,NA,NA,NA,NA
Steelhead,Bohannon1_2019,2,24,27,10,63,10.7,42,105,0.380952381,0.064701436
Steelhead,Bohannon1_2019,3,11,23,2,95,38.9,34,231,0.115789474,0.047412742
Steelhead,Bohannon1_2019,4,16,20,5,58,15.3,33,122,0.275862069,0.072770511
Steelhead,Bohannon1_2019,5,14,25,1,194,100.7,58,379,0.072164948,0.037458816
Steelhead,Bohannon1_2019,6,11,14,2,59,23.2,26,169,0.186440678,0.073312267
Steelhead,Bohannon1_2019,7,8,12,2,38,14,17,109,0.210526316,0.077562327
Steelhead,Bohannon1_2019,8,4,11,1,29,12.2,8,58,0.137931034,0.058026159
Steelhead,Bohannon1_2019,9,9,11,2,39,14.5,18,111,0.230769231,0.085798817
Steelhead,Bohannon1_2019,10,8,2,0,NA,NA,NA,NA,NA,NA
Steelhead,Bohannon1_2019,11,8,7,2,23,7.7,12,65,0.347826087,0.116446125
Steelhead,Bohannon1_2019,12,3,9,1,19,7.3,7,70,0.157894737,0.06066482
Steelhead,Bohannon1_2019,13,9,5,0,NA,NA,NA,NA,NA,NA
Steelhead,Bohannon1_2019,14,2,3,1,5,1.4,3,19,0.4,0.112
Steelhead,Bohannon1_2019,15,6,7,0,NA,NA,NA,NA,NA,NA
Steelhead,Bohannon1_2019,16,3,10,0,NA,NA,NA,NA,NA,NA
Steelhead,Bohannon1_2019,17,4,18,2,31,9.2,12,90,0.129032258,0.038293444
Steelhead,Bohannon1_2019,18,6,7,2,18,5.6,9,50,0.333333333,0.103703704
Steelhead,Bohannon1_2019,19,3,4,0,NA,NA,NA,NA,NA,NA
Steelhead,Bohannon1_2019,20,3,6,0,NA,NA,NA,NA,NA,NA
Steelhead,Bohannon1_2019,21,3,9,2,12,2.8,6,36,0.25,0.058333333
Steelhead,Bohannon1_2019,LEM-102239,6,26,2,62,22.4,22,151,0.096774194,0.03496358
Steelhead,Bohannon2_2019,1,2,10,1,16,5,4,31,0.125,0.0390625
Steelhead,Bohannon2_2019,2,14,2,0,NA,NA,NA,NA,NA,NA
Steelhead,Bohannon2_2019,3,16,4,1,42,17.9,21,144,0.380952381,0.162358277
Steelhead,Bohannon2_2019,4,4,6,1,16,6.6,7,60,0.25,0.103125
Steelhead,Bohannon2_2019,5,10,2,1,16,5,11,52,0.625,0.1953125
Steelhead,Bohannon2_2019,6,6,4,1,16,6.6,8,59,0.375,0.1546875
Steelhead,Bohannon2_2019,7,6,3,1,13,4.8,7,46,0.461538462,0.170414201
Steelhead,Bohannon2_2019,8,6,7,1,27,11.8,11,97,0.222222222,0.097119342
Steelhead,Bohannon2_2019,9,4,0,0,NA,NA,NA,NA,NA,NA
Steelhead,Bohannon2_2019,10,9,11,1,59,28.3,17,116,0.152542373,0.07316863
Steelhead,Bohannon2_2019,11,6,9,2,22,7.4,11,64,0.272727273,0.091735537
Steelhead,Bohannon2_2019,12,11,5,1,35,15.5,16,123,0.314285714,0.139183673
Steelhead,Bohannon2_2019,LEM-240479,6,5,1,20,8.4,9,71,0.3,0.126
Steelhead,Bohannon3a_2019,1,5,5,0,NA,NA,NA,NA,NA,NA
Steelhead,Bohannon3a_2019,2,4,2,0,NA,NA,NA,NA,NA,NA
Steelhead,Bohannon3a_2019,3,3,2,1,5,1.4,3,18,0.6,0.168
Steelhead,Bohannon3a_2019,4,5,0,0,NA,NA,NA,NA,NA,NA
Steelhead,Bohannon3a_2019,7,1,0,0,NA,NA,NA,NA,NA,NA
Steelhead,Bohannon3a_2019,LEM-093023,2,0,0,NA,NA,NA,NA,NA,NA
Steelhead,Canyon_2019,1,3,6,0,NA,NA,NA,NA,NA,NA
Steelhead,Canyon_2019,2,3,1,0,NA,NA,NA,NA,NA,NA
Steelhead,Canyon_2019,3,1,0,0,NA,NA,NA,NA,NA,NA
Steelhead,Canyon_2019,4,7,5,2,15,4.5,9,42,0.466666667,0.14
Steelhead,Canyon_2019,5,3,0,0,NA,NA,NA,NA,NA,NA
Steelhead,Canyon_2019,6,8,1,0,NA,NA,NA,NA,NA,NA
Steelhead,Canyon_2019,7,1,3,0,NA,NA,NA,NA,NA,NA
Steelhead,Hawley1_2019,1,1,1,0,NA,NA,NA,NA,NA,NA
Steelhead,Hawley1_2019,2,2,2,2,2,0,2,6,1,0
Steelhead,Hawley1_2019,3,1,1,0,NA,NA,NA,NA,NA,NA
Steelhead,Hawley1_2019,6,1,0,0,NA,NA,NA,NA,NA,NA
Steelhead,Hawley1_2019,8,2,1,0,NA,NA,NA,NA,NA,NA
Steelhead,Hawley1_2019,9,2,0,0,NA,NA,NA,NA,NA,NA
Steelhead,Hawley1_2019,10,1,1,0,NA,NA,NA,NA,NA,NA
Steelhead,Hawley1_2019,11,1,0,0,NA,NA,NA,NA,NA,NA
Steelhead,Hawley1_2019,13,1,1,1,1,0,1,5,1,0
Steelhead,Hawley1_2019,LEM-050639,2,0,0,NA,NA,NA,NA,NA,NA
Steelhead,Hawley2_2019,16,4,0,0,NA,NA,NA,NA,NA,NA
Steelhead,Hawley2_2019,18,1,0,0,NA,NA,NA,NA,NA,NA
Steelhead,Hawley2_2019,20,1,0,0,NA,NA,NA,NA,NA,NA
Steelhead,Hawley2_2019,23,2,0,0,NA,NA,NA,NA,NA,NA
Steelhead,Hawley2_2019,24,1,1,0,NA,NA,NA,NA,NA,NA
Steelhead,Hawley2_2019,25,10,2,1,16,5,11,52,0.625,0.1953125
Steelhead,Hawley2_2019,26,5,0,0,NA,NA,NA,NA,NA,NA
Steelhead,Hawley2_2019,27,6,2,1,10,3,6,33,0.6,0.18
Steelhead,Hawley3_2019,28,2,6,0,NA,NA,NA,NA,NA,NA
Steelhead,Hawley3_2019,29,4,3,0,NA,NA,NA,NA,NA,NA
Steelhead,Hawley3_2019,30,3,4,1,9,3.2,4,33,0.333333333,0.118518519
Steelhead,Hawley3_2019,31,3,1,0,NA,NA,NA,NA,NA,NA
Steelhead,Hawley3_2019,33,19,34,9,69,12.6,43,121,0.275362319,0.050283554
Steelhead,Hawley3_2019,34,8,6,0,NA,NA,NA,NA,NA,NA
Steelhead,Hawley3_2019,35,18,18,3,89,31.9,43,222,0.202247191,0.072490847
Steelhead,Hawley3_2019,36,34,45,7,200,53.6,113,384,0.17,0.04556
Steelhead,Hawley3_2019,37,39,35,10,130,26.8,84,221,0.3,0.061846154
Steelhead,Hawley3_2019,38,17,61,5,185,54.6,87,424,0.091891892,0.027120526
Steelhead,Hawley3_2019,39,5,34,2,69,23.7,25,168,0.072463768,0.024889729
Steelhead,Hawley3_2019,40,12,32,2,142,59.8,51,344,0.084507042,0.035588177
Steelhead,Hawley4_2019,41,35,23,6,122,33,72,240,0.286885246,0.077600107
Steelhead,Hawley4_2019,42,22,16,7,48,9.6,32,87,0.458333333,0.091666667
Steelhead,Hawley4_2019,43,20,8,4,37,9,25,78,0.540540541,0.131482834
Steelhead,Hawley4_2019,44,35,24,7,112,27.3,69,208,0.3125,0.076171875
Steelhead,Hawley4_2019,45,23,14,5,59,15.2,36,120,0.389830508,0.100430911
Steelhead,Hawley4_2019,46,23,17,2,143,61.5,60,410,0.160839161,0.069172087
Steelhead,Hawley5_2019,47,15,18,3,75,26.2,36,187,0.2,0.069866667
Steelhead,Hawley5_2019,48,17,11,2,71,28.5,33,201,0.23943662,0.096111883
Steelhead,Hawley5_2019,49,22,17,2,137,58.7,58,393,0.160583942,0.068804944
Steelhead,Hawley5_2019,50,23,19,6,68,16.5,41,131,0.338235294,0.082071799
Steelhead,Hawley5_2019,51,18,18,6,51,11.5,31,98,0.352941176,0.079584775
Steelhead,Hawley5_2019,52,26,15,4,85,26.4,48,190,0.305882353,0.09500346
Steelhead,Hawley5_2019,53,36,24,6,131,35.7,77,258,0.27480916,0.074890741
Steelhead,Hawley6_2019,56,16,12,6,31,5.8,21,57,0.516129032,0.096566077
Steelhead,Hawley6_2019,LEM-149967,13,12,2,60,23.6,27,170,0.216666667,0.085222222
Steelhead,Hawley7_2019,57,27,18,6,75,18.5,46,145,0.36,0.0888
Steelhead,Hawley7_2019,58,38,26,8,116,26.5,74,208,0.327586207,0.074836504
Steelhead,Hawley7_2019,59,17,6,1,62,29,27,218,0.274193548,0.128251821
Steelhead,Hawley7_2019,60,24,15,3,99,35.5,50,245,0.242424242,0.086929905
Steelhead,Hawley7_2019,61,21,14,7,40,7.5,28,72,0.525,0.0984375
Steelhead,Hawley7_2019,62,18,7,3,37,10.7,23,87,0.486486486,0.140686633
Steelhead,Hawley7_2019,63,13,13,5,32,7.1,20,64,0.40625,0.090136719
Steelhead,Hawley7_2019,64,19,4,2,32,9.7,22,86,0.59375,0.179980469
Steelhead,Hawley8_2019,70,3,5,0,NA,NA,NA,NA,NA,NA
Steelhead,Hawley8_2019,71,9,9,1,49,23.1,19,175,0.183673469,0.086588921
Steelhead,Hawley8_2019,72,5,8,0,NA,NA,NA,NA,NA,NA
Steelhead,Hawley8_2019,73,13,8,3,30,8.9,18,73,0.433333333,0.128555556
Steelhead,Hawley8_2019,74,8,4,0,NA,NA,NA,NA,NA,NA
Steelhead,Hawley8_2019,LEM-068047,14,8,2,44,16.4,22,123,0.318181818,0.118595041
Steelhead,Hawley9_2019,65,7,2,1,11,3.5,8,38,0.636363636,0.202479339
Steelhead,Hawley9_2019,66,10,3,0,NA,NA,NA,NA,NA,NA
Steelhead,Hawley9_2019,67,4,5,1,14,5.5,6,51,0.285714286,0.112244898
Steelhead,Hawley9_2019,68,14,3,2,19,4.5,15,49,0.736842105,0.174515235
Steelhead,Hawley9_2019,LEM-395727,5,5,1,17,6.9,8,61,0.294117647,0.119377163
Steelhead,Hayden1_2019,1,37,31,9,121,26.1,77,211,0.305785124,0.065958609
Steelhead,Hayden1_2019,2,34,31,5,186,57.9,98,393,0.182795699,0.056902532
Steelhead,Hayden1_2019,3,32,32,8,120,27.8,74,218,0.266666667,0.061777778
Steelhead,Hayden1_2019,4,68,28,14,132,20.5,100,199,0.515151515,0.080004591
Steelhead,Hayden1_2019,5,45,37,11,145,28.7,96,240,0.310344828,0.061426873
Steelhead,Hayden1_2019,6,35,21,6,112,29.6,67,219,0.3125,0.082589286
Steelhead,Hayden1_2019,8,65,33,5,373,122.3,196,790,0.174262735,0.05713762
Steelhead,Hayden1_2019,9,61,29,9,185,41.9,120,321,0.32972973,0.074679328
Steelhead,Hayden1_2019,10,18,16,1,160,82.8,48,314,0.1125,0.05821875
Steelhead,Hayden1_2019,11,62,41,8,293,76.3,174,537,0.211604096,0.055103729
Steelhead,Hayden1_2019,12,19,10,0,NA,NA,NA,NA,NA,NA
Steelhead,Hayden1_2019,13,36,23,6,126,34,74,247,0.285714286,0.077097506
Steelhead,Hayden1_2019,14,50,40,6,298,89.3,162,597,0.167785235,0.050279267
Steelhead,Hayden2_2019,1,19,16,5,56,14.4,33,115,0.339285714,0.087244898
Steelhead,Hayden2_2019,2,7,9,3,19,4.9,11,47,0.368421053,0.09501385
Steelhead,Hayden2_2019,3,18,18,4,71,21.7,38,160,0.253521127,0.077484626
Steelhead,Hayden2_2019,4,13,10,2,50,19.4,24,143,0.26,0.10088
Steelhead,Hayden2_2019,5,15,20,3,83,29.3,39,208,0.180722892,0.063797358
Steelhead,Hayden2_2019,6,13,6,2,32,10.9,18,87,0.40625,0.138378906
Steelhead,Hayden2_2019,7,32,17,6,84,20.8,53,162,0.380952381,0.094331066
Steelhead,Hayden2_2019,8,40,17,7,91,20.6,61,166,0.43956044,0.099504891
Steelhead,Hayden2_2019,9,14,11,2,59,23.2,27,168,0.237288136,0.093306521
Steelhead,Hayden2_2019,10,34,22,7,100,23.8,63,185,0.34,0.08092
Steelhead,Hayden2_2019,11,29,20,4,125,41,66,281,0.232,0.076096
Steelhead,Hayden2_2019,12,45,34,10,145,30.5,95,247,0.310344828,0.065279429
Steelhead,Hayden2_2019,13,23,20,2,167,72.7,60,405,0.137724551,0.059955538
Steelhead,Hayden2_2019,14,45,28,11,110,20.3,77,179,0.409090909,0.075495868
Steelhead,Hayden3a_2019,1,5,3,0,NA,NA,NA,NA,NA,NA
Steelhead,Hayden3a_2019,2,16,6,0,NA,NA,NA,NA,NA,NA
Steelhead,Hayden3a_2019,3,15,13,2,74,29.8,33,210,0.202702703,0.081628926
Steelhead,Hayden3a_2019,4,10,15,3,43,13.6,21,107,0.23255814,0.073553272
Steelhead,Hayden3a_2019,5,11,11,1,71,34.6,21,139,0.154929577,0.075500893
Steelhead,Hayden3a_2019,6,11,8,1,53,25.1,21,189,0.20754717,0.098291207
Steelhead,Hayden3a_2019,7,16,6,0,NA,NA,NA,NA,NA,NA
Steelhead,Hayden3a_2019,8,17,7,1,71,33.9,29,251,0.23943662,0.114322555
Steelhead,Hayden3a_2019,9,10,5,3,16,3.4,11,36,0.625,0.1328125
Steelhead,Hayden3a_2019,10,9,0,0,NA,NA,NA,NA,NA,NA
Steelhead,Hayden3a_2019,11,22,9,2,76,29.9,37,212,0.289473684,0.113885042
Steelhead,Hayden4_2019,1,18,7,1,75,35.9,31,265,0.24,0.11488
Steelhead,Hayden4_2019,2,5,2,0,NA,NA,NA,NA,NA,NA
Steelhead,Hayden4_2019,3,13,9,4,27,6.5,17,58,0.481481481,0.115912209
Steelhead,Hayden4_2019,4,17,10,3,48,15.6,27,118,0.354166667,0.115104167
Steelhead,Hayden4_2019,5,16,15,4,53,15.5,30,119,0.301886792,0.088287647
Steelhead,Hayden4_2019,6,11,2,0,NA,NA,NA,NA,NA,NA
Steelhead,Hayden4_2019,7,9,11,3,29,8.5,15,71,0.310344828,0.090963139
Steelhead,Hayden4_2019,8,8,11,1,53,25.1,15,104,0.150943396,0.071484514
Steelhead,Kenney1_2019,1,41,28,0,NA,NA,NA,NA,NA,NA
Steelhead,Kenney1_2019,2,24,32,2,274,123,99,663,0.087591241,0.039320156
Steelhead,Kenney1_2019,3,28,38,4,225,78.4,108,517,0.124444444,0.043361975
Steelhead,Kenney1_2019,4,34,82,3,725,298.2,296,1794,0.046896552,0.019289037
Steelhead,Kenney1_2019,5,45,51,8,265,68.5,154,489,0.169811321,0.043894624
Steelhead,Kenney1_2019,6,39,47,6,273,81.4,146,551,0.142857143,0.0425955
Steelhead,Kenney1_2019,7,47,44,2,719,336.7,262,1738,0.065368567,0.0306114
Steelhead,Kenney1_2019,8,53,44,8,269,69.7,159,495,0.197026022,0.051050981
Steelhead,Kenney1_2019,9,35,35,4,258,91.1,125,591,0.135658915,0.047901268
Steelhead,Kenney1_2019,10,22,8,1,102,50.4,41,363,0.215686275,0.106574394
Steelhead,Kenney1_2019,11,24,13,4,69,20.5,40,152,0.347826087,0.103339635
Steelhead,Kenney1_2019,12,20,20,0,NA,NA,NA,NA,NA,NA
Steelhead,Kenney1_2019,13,49,19,8,110,23.6,75,193,0.445454545,0.095570248
Steelhead,Kenney1_2019,14,34,21,5,127,37.7,72,265,0.267716535,0.079471759
Steelhead,Kenney1_2019,15,38,14,9,58,8.8,45,92,0.655172414,0.09940547
Steelhead,Kenney1_2019,16,40,12,4,106,32,63,231,0.377358491,0.113919544
Steelhead,Kenney1_2019,LEM-064351,57,40,12,182,35.6,122,295,0.313186813,0.061260717
Steelhead,Kenney2_2019,1,26,22,6,88,22.5,52,172,0.295454545,0.075542355
Steelhead,Kenney2_2019,2,49,23,10,108,20.5,76,178,0.453703704,0.086119684
Steelhead,Kenney2_2019,3,22,11,5,45,10.6,30,90,0.488888889,0.115160494
Steelhead,Kenney2_2019,4,11,7,1,47,21.9,19,167,0.234042553,0.109053871
Steelhead,Kenney2_2019,5,22,8,3,51,15.7,30,121,0.431372549,0.132795079
Steelhead,Kenney2_2019,6,21,10,4,47,12.8,30,102,0.446808511,0.12168402
Steelhead,Kenney2_2019,7,36,14,3,138,50.2,70,339,0.260869565,0.09489603
Steelhead,Kenney2_2019,8,13,18,4,52,14.9,28,118,0.25,0.071634615
Steelhead,Kenney2_2019,9,16,9,1,84,41.2,32,299,0.19047619,0.093424036
Steelhead,Kenney2_2019,10,22,25,8,65,13.3,42,117,0.338461538,0.069254438
Steelhead,Kenney2_2019,11,13,15,2,74,29.8,32,211,0.175675676,0.070745069
Steelhead,Kenney2_2019,12,18,11,3,56,18.5,30,137,0.321428571,0.106186224
Steelhead,Kenney2_2019,13,26,17,6,68,16.5,43,132,0.382352941,0.092776817
Steelhead,Kenney2_2019,14,6,6,2,15,4.7,8,43,0.4,0.125333333
Steelhead,Kenney2_2019,15,12,15,2,68,27.4,29,196,0.176470588,0.071107266
Steelhead,Kenney2_2019,16,11,10,0,NA,NA,NA,NA,NA,NA
Steelhead,Kenney2_2019,LEM-121695,7,4,0,NA,NA,NA,NA,NA,NA
Steelhead,Kenney2_2019,LEM-449375,36,16,8,69,13.2,49,118,0.52173913,0.099810964
Steelhead,LittleSprings1_2019,1,6,5,1,20,8.4,9,71,0.3,0.126
Steelhead,LittleSprings1_2019,2,8,3,2,11,2.4,8,29,0.727272727,0.158677686
Steelhead,LittleSprings1_2019,4,2,1,0,NA,NA,NA,NA,NA,NA
Steelhead,LittleSprings1_2019,5,5,2,0,NA,NA,NA,NA,NA,NA
Steelhead,LittleSprings1_2019,8,2,0,0,NA,NA,NA,NA,NA,NA
Steelhead,LittleSprings1_2019,9,2,4,1,6,1.9,3,25,0.333333333,0.105555556
Steelhead,LittleSprings1_2019,10,1,0,0,NA,NA,NA,NA,NA,NA
Steelhead,LittleSprings1_2019,12,3,1,0,NA,NA,NA,NA,NA,NA
Steelhead,LittleSprings1_2019,13,6,6,0,NA,NA,NA,NA,NA,NA
Steelhead,LittleSprings1_2019,14,2,7,0,NA,NA,NA,NA,NA,NA
Steelhead,LittleSprings1_2019,15,3,3,0,NA,NA,NA,NA,NA,NA
Steelhead,LittleSprings1_2019,16,3,0,0,NA,NA,NA,NA,NA,NA
Steelhead,LittleSprings1_2019,17,1,3,1,3,0,1,12,0.333333333,0
Steelhead,LittleSprings2_2019,18,6,3,2,8,1.8,6,22,0.75,0.16875
Steelhead,LittleSprings2_2019,19,6,1,1,6,0,6,19,1,0
Steelhead,LittleSprings2_2019,20,1,0,0,NA,NA,NA,NA,NA,NA
Steelhead,LittleSprings2_2019,21,7,0,0,NA,NA,NA,NA,NA,NA
Steelhead,LittleSprings2_2019,22,1,0,0,NA,NA,NA,NA,NA,NA
Steelhead,LittleSprings2_2019,Little0Springs-6,4,2,1,6,1.9,4,23,0.666666667,0.211111111
Steelhead,LittleSprings3_2019,23,7,4,3,9,1.4,7,20,0.777777778,0.120987654
Steelhead,LittleSprings3_2019,24,2,1,1,2,0,2,8,1,0
Steelhead,LittleSprings3_2019,25,3,0,0,NA,NA,NA,NA,NA,NA
Steelhead,LittleSprings3_2019,27,2,6,0,NA,NA,NA,NA,NA,NA
Steelhead,LittleSprings3_2019,28,4,4,1,12,4.3,5,42,0.333333333,0.119444444
Steelhead,LittleSprings3_2019,29,6,4,1,16,6.6,8,59,0.375,0.1546875
Steelhead,LittleSprings3_2019,30,11,9,3,29,8.5,16,70,0.379310345,0.11117717
Steelhead,LittleSprings3_2019,31,4,3,1,9,3.2,5,32,0.444444444,0.158024691
Steelhead,LittleSprings3_2019,37,2,0,0,NA,NA,NA,NA,NA,NA
Steelhead,LittleSprings3_2019,38,1,0,0,NA,NA,NA,NA,NA,NA
Steelhead,LittleSprings3_2019,39,1,0,0,NA,NA,NA,NA,NA,NA
Steelhead,LittleSprings3_2019,Little0Springs-2,2,2,0,NA,NA,NA,NA,NA,NA
Steelhead,LowerLemhi1a_2019,1,17,6,0,NA,NA,NA,NA,NA,NA
Steelhead,LowerLemhi1a_2019,2,11,6,1,41,18.7,18,145,0.268292683,0.122367638
Steelhead,LowerLemhi1a_2019,3,6,4,0,NA,NA,NA,NA,NA,NA
Steelhead,LowerLemhi1a_2019,4,10,4,0,NA,NA,NA,NA,NA,NA
Steelhead,LowerLemhi1a_2019,5,2,6,0,NA,NA,NA,NA,NA,NA
Steelhead,LowerLemhi1a_2019,6,7,1,0,NA,NA,NA,NA,NA,NA
Steelhead,LowerLemhi1a_2019,7,4,3,0,NA,NA,NA,NA,NA,NA
Steelhead,LowerLemhi1a_2019,8,20,0,0,NA,NA,NA,NA,NA,NA
Steelhead,LowerLemhi1a_2019,9,4,4,0,NA,NA,NA,NA,NA,NA
Steelhead,LowerLemhi1a_2019,10,5,7,0,NA,NA,NA,NA,NA,NA
Steelhead,LowerLemhi1a_2019,11,1,4,0,NA,NA,NA,NA,NA,NA
Steelhead,LowerLemhi1a_2019,12,3,2,0,NA,NA,NA,NA,NA,NA
Steelhead,LowerLemhi1a_2019,13,3,2,0,NA,NA,NA,NA,NA,NA
Steelhead,LowerLemhi1a_2019,15,1,2,0,NA,NA,NA,NA,NA,NA
Steelhead,LowerLemhi1a_2019,16,1,11,0,NA,NA,NA,NA,NA,NA
Steelhead,LowerLemhi1a_2019,17,3,7,0,NA,NA,NA,NA,NA,NA
Steelhead,LowerLemhi1a_2019,18,3,1,0,NA,NA,NA,NA,NA,NA
Steelhead,LowerLemhi2_2019,1,13,14,2,69,27.7,30,198,0.188405797,0.075635371
Steelhead,LowerLemhi2_2019,2,5,9,0,NA,NA,NA,NA,NA,NA
Steelhead,LowerLemhi2_2019,3,16,7,0,NA,NA,NA,NA,NA,NA
Steelhead,LowerLemhi2_2019,4,31,16,1,271,142.8,82,530,0.114391144,0.060276957
Steelhead,LowerLemhi2_2019,5,17,5,1,53,24,25,185,0.320754717,0.145247419
Steelhead,LowerLemhi2_2019,6,8,10,0,NA,NA,NA,NA,NA,NA
Steelhead,LowerLemhi2_2019,7,12,9,1,64,30.9,24,228,0.1875,0.090527344
Steelhead,LowerLemhi2_2019,8,5,6,0,NA,NA,NA,NA,NA,NA
Steelhead,LowerLemhi2_2019,9,7,13,0,NA,NA,NA,NA,NA,NA
Steelhead,LowerLemhi2_2019,10,7,10,0,NA,NA,NA,NA,NA,NA
Steelhead,LowerLemhi2_2019,11,15,14,3,59,19.9,30,146,0.254237288,0.085751221
Steelhead,LowerLemhi2_2019,12,31,32,3,263,103.5,107,651,0.117870722,0.046386387
Steelhead,LowerLemhi2_2019,14,10,9,0,NA,NA,NA,NA,NA,NA
Steelhead,LowerLemhi2_2019,15,5,8,3,12,2.6,7,31,0.416666667,0.090277778
Steelhead,LowerLemhi2_2019,16,12,5,0,NA,NA,NA,NA,NA,NA
Steelhead,LowerLemhi2_2019,17,26,33,2,305,137.7,111,738,0.085245902,0.038486428
Steelhead,LowerLemhi2_2019,18,28,21,3,158,59.9,74,396,0.17721519,0.067184746
Steelhead,LowerLemhi2_2019,19,30,34,4,216,75.1,105,494,0.138888889,0.048289609
Steelhead,LowerLemhi2_2019,20,36,15,1,295,155.5,89,576,0.122033898,0.064326343
Steelhead,LowerLemhi2_2019,21,7,0,0,NA,NA,NA,NA,NA,NA
Steelhead,LowerLemhi2_2019,22,33,24,3,212,81.8,97,530,0.155660377,0.06006141
Steelhead,LowerLemhi2_2019,23,33,28,9,98,20.2,64,170,0.336734694,0.06940858
Steelhead,LowerLemhi2_2019,24,31,12,1,207,107,62,405,0.149758454,0.077411375
Steelhead,LowerLemhi2_2019,25,22,9,1,114,56.7,44,405,0.192982456,0.09598338
Steelhead,LowerLemhi2_2019,26,15,6,0,NA,NA,NA,NA,NA,NA
Steelhead,LowerLemhi2_2019,27,17,14,1,134,68.4,40,262,0.126865672,0.064758298
Steelhead,LowerLemhi2_2019,28,1,2,0,NA,NA,NA,NA,NA,NA
Steelhead,LowerLemhi2_2019,29,5,4,0,NA,NA,NA,NA,NA,NA
Steelhead,LowerLemhi2_2019,30,1,11,0,NA,NA,NA,NA,NA,NA
Steelhead,LowerLemhi2_2019,31,6,8,0,NA,NA,NA,NA,NA,NA
Steelhead,LowerLemhi2_2019,33,18,15,0,NA,NA,NA,NA,NA,NA
Steelhead,LowerLemhi2_2019,37,5,2,0,NA,NA,NA,NA,NA,NA
Steelhead,LowerLemhi2_2019,39,6,11,0,NA,NA,NA,NA,NA,NA
Steelhead,LowerLemhi2_2019,41,2,0,0,NA,NA,NA,NA,NA,NA
Steelhead,LowerLemhi2_2019,42,8,0,0,NA,NA,NA,NA,NA,NA
Steelhead,LowerLemhi2_2019,43,1,0,0,NA,NA,NA,NA,NA,NA
Steelhead,LowerLemhi2_2019,44,6,0,0,NA,NA,NA,NA,NA,NA
Steelhead,LowerLemhi3_2019,1,1,2,1,2,0,1,9,0.5,0
Steelhead,LowerLemhi3_2019,4,2,3,1,5,1.4,3,19,0.4,0.112
Steelhead,LowerLemhi3_2019,5,1,3,0,NA,NA,NA,NA,NA,NA
Steelhead,LowerLemhi3_2019,6,2,2,0,NA,NA,NA,NA,NA,NA
Steelhead,LowerLemhi3_2019,7,1,1,0,NA,NA,NA,NA,NA,NA
Steelhead,LowerLemhi3_2019,8,5,0,0,NA,NA,NA,NA,NA,NA
Steelhead,LowerLemhi3_2019,9,3,0,0,NA,NA,NA,NA,NA,NA
Steelhead,LowerLemhi3_2019,10,1,1,0,NA,NA,NA,NA,NA,NA
Steelhead,LowerLemhi3_2019,15,4,0,0,NA,NA,NA,NA,NA,NA
Steelhead,LowerLemhi3_2019,16,2,0,0,NA,NA,NA,NA,NA,NA
Steelhead,LowerLemhi3_2019,17,2,0,0,NA,NA,NA,NA,NA,NA
Steelhead,LowerLemhi3_2019,18,6,1,0,NA,NA,NA,NA,NA,NA
Steelhead,LowerLemhi3_2019,19,1,1,0,NA,NA,NA,NA,NA,NA
Steelhead,LowerLemhi3_2019,21,5,1,0,NA,NA,NA,NA,NA,NA
Steelhead,Miller_2019,1,29,10,2,109,44.5,52,307,0.266055046,0.108618803
Steelhead,Miller_2019,2,8,13,1,62,29.7,18,122,0.129032258,0.061810614
Steelhead,Miller_2019,3,23,12,3,77,26.5,41,188,0.298701299,0.102799798
Steelhead,Miller_2019,4,6,13,2,32,10.9,14,91,0.1875,0.063867188
Steelhead,Miller_2019,5,13,18,3,66,22.3,31,164,0.196969697,0.066551882
Steelhead,Murphy_2019,1,29,19,2,199,87.5,82,572,0.145728643,0.064076665
Steelhead,Murphy_2019,2,50,35,1,917,504.9,278,1790,0.054525627,0.030021798
Steelhead,Murphy_2019,3,19,16,1,169,87.5,51,331,0.112426036,0.058208746
Steelhead,Murphy_2019,4,38,36,4,288,102.3,138,659,0.131944444,0.046867766
Steelhead,Thomas_2019,1,16,13,1,118,59.7,35,231,0.13559322,0.068600977
Steelhead,Thomas_2019,2,24,11,3,74,25.1,40,180,0.324324324,0.110007305
Steelhead,THOR_SC_2019,34,11,9,2,39,14.5,19,110,0.282051282,0.10486522
Steelhead,THOR_SC_2019,35,14,6,1,52,23.8,22,181,0.269230769,0.123224852
Steelhead,THOR_SC_2019,36,11,3,0,NA,NA,NA,NA,NA,NA
Steelhead,THOR_SC_2019,37,11,9,0,NA,NA,NA,NA,NA,NA
Steelhead,THOR_SC_2019,38,1,0,0,NA,NA,NA,NA,NA,NA
Steelhead,THOR_SC_2019,39,14,7,0,NA,NA,NA,NA,NA,NA
Steelhead,THOR_SC_2019,40,7,5,1,23,9.8,10,82,0.304347826,0.129678639
Steelhead,THOR_SC_2019,41,9,9,0,NA,NA,NA,NA,NA,NA
Steelhead,THOR_SC_2019,42,1,0,0,NA,NA,NA,NA,NA,NA
Steelhead,UpperLemhi1_2019,1,7,6,1,27,11.8,11,96,0.259259259,0.113305898
Steelhead,UpperLemhi1_2019,2,7,5,1,23,9.8,10,82,0.304347826,0.129678639
Steelhead,UpperLemhi1_2019,3,7,6,2,18,5.6,10,50,0.388888889,0.120987654
Steelhead,UpperLemhi1_2019,4,13,6,3,24,6.1,16,55,0.541666667,0.137673611
Steelhead,UpperLemhi1_2019,5,13,13,4,38,10.3,22,85,0.342105263,0.092728532
Steelhead,UpperLemhi1_2019,6,7,7,3,15,3.6,9,36,0.466666667,0.112
Steelhead,UpperLemhi1_2019,7,13,10,5,25,4.9,17,49,0.52,0.10192
Steelhead,UpperLemhi1_2019,8,9,7,4,15,2.8,11,32,0.6,0.112
Steelhead,UpperLemhi1_2019,9,10,7,3,21,5.5,13,50,0.476190476,0.124716553
Steelhead,UpperLemhi1_2019,10,10,10,2,39,14.7,18,112,0.256410256,0.096646943
Steelhead,UpperLemhi1_2019,11,9,13,1,69,33.5,20,136,0.130434783,0.063327032
Steelhead,UpperLemhi1_2019,12,9,5,2,19,5.9,11,52,0.473684211,0.147091413
Steelhead,UpperLemhi1_2019,13,3,1,1,3,0,3,11,1,0
Steelhead,UpperLemhi1_2019,14,11,9,4,23,5.3,15,50,0.47826087,0.11020794
Steelhead,UpperLemhi1_2019,15,13,26,4,75,22.3,37,170,0.173333333,0.051537778
Steelhead,UpperLemhi1_2019,16,9,6,1,34,15.3,15,121,0.264705882,0.119117647
Steelhead,UpperLemhi1_2019,17,10,10,2,39,14.7,18,112,0.256410256,0.096646943
Steelhead,UpperLemhi1_2019,18,13,11,4,33,8.4,20,71,0.393939394,0.100275482
Steelhead,UpperLemhi1_2019,19,9,7,1,39,17.9,16,139,0.230769231,0.10591716
Steelhead,UpperLemhi1_2019,20,16,9,3,42,12.9,24,100,0.380952381,0.117006803
Steelhead,UpperLemhi1_2019,21,5,6,1,20,8.4,8,72,0.25,0.105
Steelhead,UpperLemhi1_2019,22,8,8,1,40,18.2,15,141,0.2,0.091
Steelhead,UpperLemhi1_2019,23,13,6,2,32,10.9,18,87,0.40625,0.138378906
Steelhead,UpperLemhi1_2019,24,5,8,1,26,11.2,10,94,0.192307692,0.082840237
Steelhead,UpperLemhi1_2019,25,21,23,7,65,14.3,40,121,0.323076923,0.071076923
Steelhead,UpperLemhi1_2019,26,28,21,9,63,11.5,43,107,0.444444444,0.081128748
Steelhead,UpperLemhi1_2019,27,16,8,1,76,36.6,30,268,0.210526316,0.101385042
Steelhead,UpperLemhi2_2019,1,40,21,15,55,5.6,46,78,0.727272727,0.074049587
Steelhead,UpperLemhi2_2019,2,17,11,3,53,17.4,29,129,0.320754717,0.105304379
Steelhead,UpperLemhi2_2019,3,50,13,6,101,23.7,69,189,0.495049505,0.116165082
Steelhead,UpperLemhi2_2019,4,18,6,2,43,15.4,24,119,0.418604651,0.149918875
Steelhead,UpperLemhi2_2019,6,9,14,3,36,11.1,18,91,0.25,0.077083333
Steelhead,UpperLemhi2_2019,7,15,20,2,111,46.7,40,269,0.135135135,0.056854151
Steelhead,UpperLemhi2_2019,8,6,12,1,44,20.4,13,88,0.136363636,0.06322314
Steelhead,UpperLemhi2_2019,9,5,7,2,15,4.5,8,43,0.333333333,0.1
Steelhead,UpperLemhi2_2019,10,5,5,2,11,3,6,31,0.454545455,0.123966942
Steelhead,UpperLemhi2_2019,11,2,8,1,12,4,4,46,0.166666667,0.055555556
Steelhead,UpperLemhi2_2019,12,5,5,1,17,6.9,8,61,0.294117647,0.119377163
Steelhead,UpperLemhi2_2019,13,5,2,1,8,2.4,5,28,0.625,0.1875
Steelhead,UpperLemhi2_2019,14,5,6,1,20,8.4,8,72,0.25,0.105
Steelhead,UpperLemhi2_2019,15,12,11,3,38,11.8,20,93,0.315789474,0.098060942
Steelhead,UpperLemhi2_2019,LEM-452047,22,16,4,77,23.7,42,172,0.285714286,0.087940631
Steelhead,UpperLemhi3_2019,1,32,21,6,103,26.9,62,201,0.310679612,0.081138656
Steelhead,UpperLemhi3_2019,2,21,22,0,NA,NA,NA,NA,NA,NA
Steelhead,UpperLemhi3_2019,3,24,8,0,NA,NA,NA,NA,NA,NA
Steelhead,UpperLemhi3_2019,4,30,18,1,294,155.6,89,573,0.102040816,0.054005276
Steelhead,UpperLemhi3_2019,5,14,13,2,69,27.7,31,197,0.202898551,0.081453476
Steelhead,UpperLemhi3_2019,6,15,12,0,NA,NA,NA,NA,NA,NA
Steelhead,UpperLemhi3_2019,7,15,13,0,NA,NA,NA,NA,NA,NA
Steelhead,UpperLemhi3_2019,8,14,17,2,89,36.7,37,256,0.157303371,0.064865547
Steelhead,UpperLemhi3_2019,9,17,12,1,116,58.6,35,227,0.146551724,0.074033888
Steelhead,UpperLemhi3_2019,10,21,19,1,219,114.9,66,428,0.095890411,0.050309627
Steelhead,UpperLemhi3_2019,11,15,8,0,NA,NA,NA,NA,NA,NA
Steelhead,UpperLemhi3_2019,12,16,10,0,NA,NA,NA,NA,NA,NA
Steelhead,UpperLemhi3_2019,13,30,14,0,NA,NA,NA,NA,NA,NA
Steelhead,UpperLemhi3_2019,14,11,12,0,NA,NA,NA,NA,NA,NA
Steelhead,UpperLemhi3_2019,15,13,5,1,41,18.3,19,144,0.317073171,0.141522903
Steelhead,UpperLemhi3_2019,16,1,4,0,NA,NA,NA,NA,NA,NA
Steelhead,UpperLemhi3_2019,17,11,5,1,35,15.5,16,123,0.314285714,0.139183673
Steelhead,UpperLemhi3_2019,18,4,5,0,NA,NA,NA,NA,NA,NA
Steelhead,UpperLemhi3_2019,19,10,5,0,NA,NA,NA,NA,NA,NA
Steelhead,UpperLemhi3_2019,20,15,9,2,52,20.1,26,147,0.288461538,0.111501479
Steelhead,UpperLemhi3_2019,21,17,5,1,53,24,25,185,0.320754717,0.145247419
Steelhead,UpperLemhi3_2019,22,13,10,2,50,19.4,24,143,0.26,0.10088
Steelhead,UpperLemhi3_2019,23,18,19,0,NA,NA,NA,NA,NA,NA
Steelhead,UpperLemhi3_2019,25,6,7,0,NA,NA,NA,NA,NA,NA
Steelhead,UpperLemhi3_2019,26,14,5,0,NA,NA,NA,NA,NA,NA
Steelhead,UpperLemhi3_2019,27,16,7,0,NA,NA,NA,NA,NA,NA
Steelhead,UpperLemhi3_2019,28,12,8,0,NA,NA,NA,NA,NA,NA
Steelhead,UpperLemhi3_2019,29,12,2,0,NA,NA,NA,NA,NA,NA
Steelhead,UpperLemhi3_2019,30,7,3,0,NA,NA,NA,NA,NA,NA
Steelhead,UpperLemhi3_2019,31,9,1,1,9,0,9,28,1,0
